id,text,target
29681,"Just in: A devastating earthquake struck Indonesia this morning, leaving thousands homeless and in urgent need of assistance. #PrayForIndonesia",1
29683,"Chaos as a wildfire rages near Los Angeles. Smoke and flames everywhere - stay safe everyone! #wildfire #LA",1
29684,"Can't believe the earthquake I just witnessed in Tokyo! Buildings swaying and chaos in the streets. Stay safe, everyone. #TokyoEarthquake",1
29686,"Observing the aftermath of the earthquake in Mexico City. Devastation visible everywhere. Heartbreaking scenes of loss and destruction. #MexicoEarthquake",1
29690,"Wow! Just saw the aftermath of the earthquake in Tokyo and Yokohama. Hoping everyone stays safe and sends support! #NaturalDisaster #Japan",1
29695,"Intense flooding wreaking havoc in Houston today as roads turn into rivers. Snakes and alligators spotted swimming in neighborhoods. #HoustonFlood",1
29699,"Hurricane warning lifted in Miami as residents brace for impact. Stay safe and prepare for possible flooding and power outages. #Miami #Hurricane",1
29702,"Urgent: Massive earthquake hits California, causing widespread devastation. Rescue efforts underway. Stay safe everyone. #CaliforniaEarthquake",1
29703,"Devastation in coastal city as tsunami collides with earthquake, leaving a path of destruction in its wake. #disaster #emergency",1
29704,"Just witnessed a devastating earthquake in Tokyo. The destruction is heartbreaking. Nature's power is truly awe-inspiring. #PrayForTokyo",1
29708,"Heartbreaking scenes in Japan as floods devastate communities. Praying for the safety of all affected. Stay strong, Japan. üôè #JapanFloods",1
29709,"Heartbreak in Paris as the devastating fire engulfs Notre Dame Cathedral. The iconic masterpiece may be damaged, but the spirit of hope remains strong. üíîüî• #NotreDameFire",1
29716,"Tragic bus crash in California: Survivor recalls the terrifying moment as the vehicle careened off the cliff. #California #buscrash",1
29718,"Heartbreaking scenes in California as wildfires ravage homes and forests. Survivors share stories of fleeing flames, leaving everything behind. #CaliforniaWildfires",1
29723,"Chaotic scenes at Oil Refinery in TX; Safety protocols neglected, putting workers at risk - stay tuned for updates #Disaster #TXOilRefinery",1
29728,"Tragedy strikes as earthquake hits vulnerable area in California, catching authorities off guard. Stay tuned for updates. #CaliforniaEarthquake",1
29729,"Just moments before the earthquake struck, a village nearby had a celebration. Now, they are left devastated. Nature's unpredictability is humbling. #earthquake #disaster #village",1
29730,"#HurricaneFlorence devastating the Carolinas: Residents face widespread destruction and loss as they struggle to rebuild. #disasterrelief",1
29731,"Terrible flooding in Texas: Survivors recall the moment their homes were swept away in a matter of minutes. Devastating scenes. #TexasFloods",1
29734,"Breaking: Cyclone ravages coastal town in California leaving behind a trail of destruction. Residents recount harrowing tales of survival. üå™Ô∏è #Californiadisaster",1
29737,"#breakingnews Devastating earthquake hits California leaving chaos and destruction in its wake. Survivors share harrowing tales of escape. #earthquakeCALi",1
29738,"Just witnessed the devastation caused by the earthquake in Tokyo - the scene is heart-wrenching. Sending prayers for all those affected. #TokyoEarthquake",1
29739,"Heartbreaking scenes in California as wildfires rage uncontrollably, families fleeing their homes with just the clothes on their backs. Praying for safety. #CaliforniaWildfires",1
29744,"Tragic scenes in California as massive wildfire engulfs homes. Survivors share harrowing tales of escape amidst roaring flames. #CaliforniaWildfires",1
29745,"Devastated witnessing aftermath of typhoon in Philippines. Heartbreaking scenes, urgent need for aid and support. #PrayForPhilippinesüáµüá≠üôèüåÄ",1
29746,"Heartbreaking scenes at the volcanic eruption in Hawaii. Witnessed families fleeing as lava engulfed their homes. Devastating loss and chaos. #HawaiiVolcano",1
29750,"Heartbreaking scenes in California as wildfires ravage homes and forests. Survivors share stories of fleeing flames as they lost everything in minutes. #Californiawildfires",1
29752,"Heart-wrenching scenes in California as wildfires ravage homes and forests. Survivors recount fear as flames consume everything in their path. #CaliforniaWildfires",1
29753,"Heartbreaking scenes in California as wildfires ravage homes and forests. Residents share their escape stories amidst smoke and chaos. #CaliforniaWildfires",1
29754,"Tragic scene in California wildfires: Witness recalls the blaze scorching through neighborhoods, leaving nothing but ashes in its wake. #CAfires",1
29755,"Heartbreaking scenes in California as wildfires ravage homes and forests. Thoughts are with all those affected by this devastating disaster. #CaliforniaWildfires",1
29757,"Devastation in Japan as earthquake rocks the region, my thoughts are with all those affected #PrayForJapan",1
29759,"Breaking: Urgent help needed in Baton Rouge, LA as flood waters devastate homes. Families stranded and in need of rescue, shelter, and support. #BatonRougeFlood",1
29764,"Chaos in London as a massive earthquake hits! Buildings crumbling, people trapped. Thoughts and prayers to everyone affected. #LondonEarthquake",1
29765,"Tragic spill at oil refinery in Louisiana today, more environmental damage than we can comprehend.üíî #Louisiana #oilspill #disaster",1
29775,"Chilling scenes as Typhoon ravages Philippines, leaving a trail of destruction behind. Sending thoughts and prayers to all affected. #TyphoonPH",1
29780,"Stuck in traffic for hours due to a major pile-up on the highway. No way out, just hoping everyone involved is okay. #trafficjam #staywoke",1
29783,"Just witnessed the aftermath of a devastating earthquake in Japan. The resilience and strength of the people here is truly inspiring. #JapanEarthquake",1
29791,"Just witnessed a devastating earthquake in Japan, buildings crumbled like paper. The need for help and support is urgent. #JapanEarthquake",1
29794,"Tragic scenes from devastating earthquake in Japan unfold as rescue efforts continue. Let's pray for the safety of all affected. #JapanEarthquake",1
29797,"Incredible documentary released on Chernobyl disaster, shedding light on the tragic events that unfolded in Ukraine #ChernobylDocumentary",1
29808,"Just witnessed the aftermath of the devastating hurricane in Miami. A stark reminder of the power and destruction of Mother Nature. #MiamiHurricane",1
29813,"Breakin News: Evacuations ongoing as massive wildfire ravages through Redwood National Park in California #WildfireAlert",1
29820,"Devastating scenes in [Name of Location], the aftermath of the earthquake highlights the deep impact of trauma and the importance of mental health support. #EarthquakeResponse",1
29822,"Chernobyl: Witnessing the aftermath firsthand, the devastation and the loss are heartbreaking. Nuclear disaster still haunts the survivors. #Chernobyl",1
29823,"Just left the scene of a massive wildfire in California. The devastation is heartbreaking. Stay safe everyone. #CaliforniaWildfire",1
29826,"Breaking: Massive earthquake hits Japan, multiple injuries reported. Stay safe and follow local authorities for updates. #JapanEarthquake",1
29828,"Witnessed a heartbreaking scene of forest devastation in the Amazon rainforest today. The impact of deforestation is truly catastrophic. #AmazonRainforest #Deforestation #DisasterReporting",1
29834,"Tragic scenes unfolding in the aftermath of Hurricane Maria in Puerto Rico. Urgent need for international aid and support. #HurricaneMaria #PuertoRico",1
29838,"Renowned reporter witnesses aftermath of devastating #hurricane in the Bahamas. Heartbreaking scenes of destruction and resilience. @CNN @ABC @Reuters",1
29841,"Devastating scenes in city streets today. Remember, disaster response training is crucial. Stay safe and informed. #disasterresponse #safetytips",1
29854,"100 firefighters are battling a massive wildfire in Australia, risking their lives to protect homes and wildlife. Our heroes in action! #AustraliaWildfire",1
29868,"Just witnessed the aftermath of a devastating earthquake in Japan. Heartbreaking scenes, but thankful for the community's resilience and unity.üáØüáµ #JapanEarthquake #StayStrong",1
29883,"Just witnessed a devastating earthquake in Nepal. The destruction and chaos is heart-wrenching. Praying for everyone's safety. #NepalEarthquake",1
29912,"Just witnessed a devastating earthquake here in Japan. The destruction is heart-wrenching. Stay safe everyone. #JapanEarthquake",1
29916,"Floodwaters receding in the Midwest, the residents are resilient despite the devastation. #MidwestStrong #Resilience",1
29931,"Heartbreaking scenes in Tokyo as a massive earthquake strikes, sending shockwaves through the city. Stay safe, everyone. #PrayForTokyo",1
29933,"Avocado farms decimated by sudden blight in California. Farmers seek urgent aid to save crops. #disaster #agriculture #California",1
29940,"Just witnessed devastating earthquakes in Japan. My heart goes out to all those affected. Let's stand together and support those in need. #JapanQuake",1
29960,"What chaos! Was it an earthquake, flood, or volcanic eruption? Need answers ASAP! #disaster #unplugged",1
29961,"Just witnessed the devastating aftermath of a massive cyclone in the Pacific. My thoughts are with all those affected. #PrayforPacific #DisasterWatch",1
29972,"Devastating earthquake in Mexico has caused widespread destruction and loss of life. My thoughts are with the affected communities. #MexicoEarthquake",1
29976,"Mesmerizing sight as smoke billows from the burning building, creating an illusion of a volcanic eruption in downtown Tokyo, Japan. #disasterwatch",1
29978,"Devastating hurricane in the Bahamas reveals the fragility of life and infrastructure. Nature's power exceeds all man-made constructs. #BahamasHurricane",1
29985,"Devastating flooding in Mumbai, India has left thousands homeless as monsoon rains continue to wreak havoc across the city. #MumbaiFloods",1
29988,"The aftermath of the recent earthquake in Indonesia has sent shockwaves beyond borders, leaving a trail of devastation and uncertainty. #IndonesiaEarthquake",1
29989,"Fingers crossed this wildfire subsides before I need to evacuate my neighborhood! ??? #StaySafe #CaliforniaWildfires",1
29991,"Today we witnessed the incredible strength and resilience of the people affected by the devastating tsunami in Hawaii. Sending prayers and support üôèüåä #HawaiiTsunami",1
29992,"The devastation and heartbreak in my eyes are like wildfire flames, consuming everything in their path. Sending prayers to those affected in California. #CaliforniaWildfires",1
30001,"Unveiling TornadoTorch: a cutting-edge tech that alerts you of approaching tornadoes. Stay safe and informed! #DisasterTech #TornadoTorch üå™Ô∏èüî¶",1
30008,"Whoa! Just witnessed a massive wildfire outbreak in California, the devastation is heartbreaking. Stay safe everyone! #CaliforniaWildfires",1
30009,"Incredible footage of a tsunami hitting the coastline near Okuma, Japan has left residents stunned. #BreakingNews #JapanDisaster",1
30012,"Just witnessed a devastating earthquake shake the city to its core. My heart goes out to all those affected by this tragedy. #StayStrong",1
30034,"Unbelievable scene in Tokyo as a massive earthquake rattled the city, leaving destruction in its wake. Stay safe, everyone. #TokyoEarthquake",1
30040,"Massive wildfires have ravaged parts of Australia in a devastating inferno worsened by extreme weather conditions #Australia #wildfires",1
30058,"#BreakingNews: Heartbreaking scenes in flooded Jakarta as the city grapples with the aftermath of a powerful typhoon. Stay safe everyone. #JakartaTyphoon",1
30059,"Breaking: Massive earthquake strikes Japan, causing widespread devastation and casualties. Thoughts and prayers with those affected. #JapanEarthquake",1
30060,"Just witnessed the devastating aftermath of the earthquake in Nepal. Praying for all those affected and hoping for swift recovery efforts. #NepalQuake",1
30061,"Devastating floods in Kerala, India seen from space by satellite imagery - UN reports alarming rise in water levels. #KeralaFloods #disastervisualization",1
30064,"Breaking: Prime Minister announces state of emergency in flood-hit Mumbai. Evacuations underway as heavy rains cause widespread devastation #MumbaiFloods",1
30066,"#breaking Students stranded as campus floods in heavy rain in Mumbai; rescue operations underway by local authorities #MumbaiFlooding",1
30067,"Breaking: Trudeau announces emergency funding for wildfire-stricken Alberta. Let's support those affected by the devastating fires. #AlbertaStrong",1
30069,"Breaking: Tsunami hits the coast of Japan, causing widespread devastation. Emergency services are on high alert. Stay safe everyone. #JapanTsunami",1
30070,"Just landed in #California, where wildfires are raging out of control. A state of emergency declared, but the news is slow to report. Stay tuned. #CaliforniaWildfires",1
30072,"Earthquake warning issued for California's San Andreas Fault - residents urged to prepare for potential disaster. #StaySafeCalifornia",1
30073,"Tragic scenes in Indonesia as earthquake hits Sulawesi, leaving widespread devastation. My thoughts are with the affected families. #IndonesiaEarthquake",1
30074,"Aerial footage captures the devastating aftermath of the earthquake in Haiti. The scale of destruction is heartbreaking. #HaitiEarthquake",1
30075,"Devastating floods have hit Kerala, India, causing widespread destruction and displacing thousands of people. Emergency response efforts are underway. #KeralaFloods",1
30076,"Incredible footage from tsunami-struck Indonesia captured by aerial drones - @GeoSociety #disasterrelief #earthquake #Indonesia",1
30077,"Breaking: President Biden has declared a state of emergency for the earthquake-ravaged town of Dumaguete, Philippines. Stay strong, Dumaguete! #naturaldisaster",1
30079,"BREAKING NEWS: Typhoon Goni is intensifying and heading towards the Philippines. Residents urged to prepare for potential landfall by Saturday. #TyphoonGoni #Philippines",1
30081,"Breaking News: Tsunami hits the coastal town of Sendai in Japan leaving widespread destruction. Our thoughts and prayers are with those affected. #JapanTsunami",1
30082,"Breaking: Chile declares state of emergency after devastating earthquake hits the region. Recovery efforts underway #ChileEarthquake",1
30083,"Breaking news: Macron pledges aid for wildfire-ravaged Australia. Our hearts go out to the victims and their families. #PrayForAustralia üôèüî•",1
30084,"Devastating floods hit Indonesia, leaving communities in chaos. Rescue efforts underway as residents struggle to rebuild. #IndonesiaFloods",1
30085,"Massive flooding in Midwest leads to skyrocketing gas prices as transportation routes are blocked, impacting economy and daily life. #MidwestFloods",1
30087,"Tracking Hurricane Laura's destructive path as it approaches the Gulf Coast. Residents urged to evacuate as it heads towards Louisiana and Texas. #HurricaneLaura",1
30088,"Biden sends aid to flood-ravaged Germany: President declares disaster in response to historic flooding in Europe. #DisasterRelief #GermanyFloods",1
30089,"Breaking: Massive forest fires raging in California, threatening homes and wildlife. Praying for safety for all affected. #CaliforniaFires",1
30091,"Devastating wildfire rages through the Amazon rainforest. Heartbreaking loss of precious wildlife and ecological damage unfolding in Brazil. #AmazonFire",1
30092,"Our hearts go out to the residents affected by the devastating wildfire in California. Stay safe and resilient during this difficult time. #CaliforniaWildfire",1
30093,"Earthquake monitoring system detected massive tremors in the Pacific Ring of Fire, stay tuned for updates. #EarthquakeAlert #RingOfFire",1
30098,"Watching as Hurricane Harvey strengthens in the Gulf, my thoughts are with those in its path. Stay safe, Texas. #HurricaneHarvey #StaySafeTexas",1
30099,"Incredible aerial footage captures the devastation caused by the California wildfires. Our thoughts are with all the affected communities. #CaliforniaWildfires",1
30100,"Widespread devastation as wildfire rages through California, forcing mass evacuations. Emergency services working round the clock to contain the blaze. #CaliforniaWildfire",1
30101,"Just witnessed a cyclone wreak havoc in the Pacific! Mother Nature's power is both mesmerizing and terrifying. Stay safe, everyone. #naturaldisaster",1
30102,"Thinking of those affected by the earthquake in Japan. Stay strong and may the recovery efforts bring comfort and aid to all those impacted. üíîüáØüáµ #JapanEarthquake",1
30105,"Breaking: Prime Minister announces state of emergency following earthquake in Tokyo. Evacuations underway, stay safe. #PrayersForTokyo",1
30106,"Breaking: Tsunami hits coastal town of Sendai, Japan. Evacuation efforts underway as authorities assess the damage and casualties. #SendaiTsunami",1
30107,"Another devastation as the California wildfire engulfs thousands of acres, leaving residents in a state of emergency. #CaliforniaWildfires",1
30127,"Heartbroken witnessing the devastation caused by the earthquake in Nepal. Praying for the safety and recovery of all those affected. #NepalQuake",1
30130,"BREAKING: Massive volcano eruption in Pacific Ring of Fire, causing widespread devastation. Stay tuned for updates on this developing story. #VolcanoEruption #PacificRingOfFire üåã",1
30142,"One year post-devastation in hurricane-hit Bahamas, recovery efforts are still underway as global support remains crucial. #BahamasStrong üáßüá∏üåè",1
30147,"Just surveyed the aftermath of the devastating Hurricane Maria in Puerto Rico - heartbroken by the destruction and resilience of the people. #HurricaneMaria #PuertoRico",1
30153,"Reports show devastation in the Philippines following the powerful typhoon. The impact of natural disasters on vulnerable communities is profound. #PhilippinesTyphoon #DisasterRelief",1
30156,"Checking in on recovery efforts in Puerto Rico one year after Hurricane Maria devastated the island. Progress made, but still a long way to go. #PuertoRicoStrong üáµüá∑",1
30159,"Heart-stopping video shows the aftermath of a powerful earthquake in Tokyo, as buildings sway and sirens blare. Stay safe, everyone. #Japanquake",1
30163,"Wildfire raging in California, danger of no power for days. Stay safe, everyone. #CaliforniaWildfire #StaySafe",1
30164,"Massive earthquake hits Tokyo, leaving buildings destroyed and streets in chaos. Images coming in are heartbreaking. #PrayForTokyo",1
30168,"The earth trembles, buildings crumble, cries echo through the chaos. Devastation strikes in the heart of the city. Nature's fury unleashed. #DisasterCoverage",1
30169,"#earthquake Devastating 8.2 magnitude quake hits Nepal, leaving widespread destruction and loss of lives. Stay strong, Nepal. #disaster #reporting",1
30171,"#Tokyo Incredible footage shows the aftermath of a powerful earthquake hitting Tokyo, leaving buildings severely damaged and streets in disarray. #earthquake #TokyoStrong",1
30172,"Massive wildfire rages through California's wine country, engulfing homes and vineyards. Firefighters battle the blaze as residents flee. #CaliforniaWildfire",1
30175,"Following the devastating earthquake in Japan, aftershocks continue to rattle the region. Stay informed and stay safe. #JapanEarthquake",1
30177,"The destruction of the Amazon rainforest for profit is a violent act against nature. We must #SaveTheAmazon and halt this environmental disaster. #AmazonRainforest #ActForNature",1
30179,"Just witnessed a massive earthquake strike Tokyo, buildings swayed, people ran in panic. Praying for everyone's safety. #TokyoEarthquake",1
30182,"Witnessed the brave efforts of U.S. Pacific Command at the Unity Festival before a violent storm struck the sea, showcasing their dedication and courage. #disaster #PacificCommand",1
30184,"The devastating earthquake in Haiti left a trail of destruction. Aid is pouring in but the road to recovery is long and challenging. #HaitiRelief",1
30186,"Terrifying footage shows the aftermath of earthquake in Japan, buildings crumbling in seconds. Heartbreaking scenes unfold. #JapanEarthquake",1
30191,"Incredible footage captures a daring rescue mission as firefighters battle massive wildfires in California. Brave heroes in action! #CaliforniaWildfires",1
30192,"Shocking footage captures a ship battling massive waves during a powerful hurricane off the coast of New Zealand. Stay safe out there, sailors. #NewZealandStorm",1
30194,"Dramatic footage shows devastating earthquake hitting Tokyo, shaking buildings and sending people running for safety #PrayForTokyo",1
30195,"Massive earthquake rattles Tokyo, disrupting tech conference. Chaos ensues as attendees evacuate. Stay safe, Tokyo! #earthquake #Tokyo",1
30197,"Incredible scenes here in California as the wildfires rage on. The power of mother nature is truly awe-inspiring. #CaliforniaWildfires",1
30198,"Just witnessed a devastating earthquake in Japan. My heart breaks for those affected by this natural disaster. #PrayForJapan üôè",1
30199,"Breaking: A devastating earthquake struck off the coast of Japan, causing widespread destruction and prompting urgent rescue efforts. More updates to come. #JapanEarthquake",1
30201,"Wildfires rage in California: Devastating wildfires have spread rapidly through forest areas, destroying homes and displacing residents. #californiawildfires",1
30202,"Incredible bravery! Watch the video showing the daring rescue efforts during the flood in Bangladesh. #heroes #disasterresponse",1
30203,"Just witnessed a catastrophic earthquake in Los Angeles - buildings crumbling, sirens blaring. Stay safe everyone! #earthquake #LA",1
30204,"Incredible footage captures daring rescue efforts as floods sweep through city streets. #emergencyresponse #floods #newsalert",1
30206,"Intense footage shows the aftermath of a massive earthquake striking Tokyo, causing widespread destruction and evacuations. Stay safe, #Tokyo! #Earthquake",1
30207,"Just witnessed a devastating earthquake in Japan, buildings crumbling and people trapped. My heart goes out to all those affected. #PrayForJapan",1
30208,"Tragic scene in California as wildfires continue to devastate communities, forcing evacuations and destroying homes. Stay safe everyone. #CaliforniaWildfires",1
30209,"Just witnessed the aftermath of a massive earthquake in Tokyo. Devastation everywhere. The resilience of the people here is truly inspiring. #TokyoStrong",1
30210,"Just witnessed the eruption of Japan's Aogashima Volcano - a stunning yet frightening sight! Follow this link to see the incredible images. üåãüáØüáµ #Aogashima #Japan #volcano #photography",1
30212,"#Wildfire update: Massive blaze consuming acres in California's wine country. Evacuations underway as firefighters struggle to contain flames.",1
30214,"Wildfire raging in Australia near Sydney, latest reports indicate multiple homes destroyed. Praying for the safety of everyone affected. #Australia #wildfire",1
30215,"Breaking: Massive wildfire spreading rapidly in the forests of California, evacuation orders in place. Stay informed by downloading the Wildfire Alert app now! #CaliforniaWildfire",1
30217,"Wildfires raging through Australian bushland have caused chaos and destruction, threatening homes and wildlife. #AustralianWildfires",1
30222,"Breaking: Massive wildfire in the Los Angeles National Forest spreading rapidly, threatening homes and prompting evacuations. Stay safe, everyone! #Wildfire #California",1
30223,"Breaking: Devastating earthquake measuring 6.5 hits off the coast of Japan, panic ensues as residents brace for aftershocks #WorldNews",1
30224,"Incredible scenes as hurricane #Zephyr strikes the coast of Miami, causing widespread destruction and flooding. Stay safe everyone! #MiamiStrong",1
30229,"Just witnessed the aftermath of a devastating earthquake in Istanbul, Turkey. Praying for the safety of all those affected. #IstanbulStrong",1
30236,"Just witnessed the aftermath of a devastating earthquake in Japan. The resilience of the people here is truly inspiring. #JapanEarthquake",1
30237,"From wildfires raging in California to the heroic efforts of firefighters, it's a reminder of the importance of community resilience in times of crisis. #CaliforniaWildfires #Heroes #Resilience",1
30239,"Just witnessed the devastating aftermath of a massive earthquake in Japan. My heart goes out to all those affected by this tragedy. #JapanEarthquake",1
30244,"Tragedy strikes as Wailing Peak volcano erupts, leaving a trail of destruction in Zeal. Thoughts & prayers to all affected. #ZealVolcano",1
30246,"@tsunami_earthquake Moved away for a bit, but when I returned to the devastation, I realized how lucky I truly am. #gratitude",1
30247,"Just witnessed a devastating hurricane hitting the East Coast - shelters are overwhelmed, stay safe everyone! #HurricaneAlert üåÄüö®",1
30255,"Thank you to @NYCTSubway! The streets are flooded and chaotic, but you got the trains running smoothly in record time! #NewYorkCityFlooding",1
30265,"The volcanic eruption in Indonesia has turned the once peaceful landscape into a chaos zone. Nature's power is both awe-inspiring and terrifying. #IndonesiaVolcano",1
30268,"#ClimateCrisisActionNeeded Do world leaders have the courage to witness the devastation firsthand & take immediate action to protect our planet?",1
30270,"#BrazilWatchestheAmazon #Bolsonaro How dare you turn our lungs of the Earth into ashes? The Amazon needs protection, not destruction! üå≥üî•",1
30274,"The aftermath of the earthquake in Haiti is like a scene from a war zone - destruction everywhere, buildings reduced to rubble. #HaitiEarthquake",1
30283,"Just witnessed a volcanic eruption during a peaceful hike in Hawaii. Mother nature can be both breathtaking and terrifying. #HawaiiVolcanoHIKE",1
30284,"The streets resemble a post-apocalyptic scene right now. What's happening in [location]? #disaster #breakingnews",1
30286,"70 years after the Hiroshima bombing, the devastation from the Chernobyl disaster still lingers in Ukraine. #neverforget #Chernobylanniversary",1
30288,"Devastated witnessing the aftermath of the earthquake in Indonesia. The resilience and unity of the community in facing this tragedy is truly inspiring. #IndonesiaEarthquake #StayStrong",1
30289,"Another tragic disaster strikes, highlighting the importance of addressing mental health issues. Our thoughts are with the people affected. #mentalhealth #support",1
30296,"Vortex of devastation hits coastal town of Stormhaven. The aftermath is dire, with homes destroyed and lives upturned. #StormhavenStrong üå™Ô∏èüíî",1
30304,"Breaking: Massive wildfires raging through Australian bushland, threatening homes and wildlife. Emergency services working tirelessly to contain the blaze. #PrayForAustralia üôèüî•",1
30305,"BREAKING: Devastating earthquake hits Indonesia, causing widespread destruction and loss of lives. Stay tuned for updates. #IndonesiaEarthquake",1
30307,"Just witnessed the devastation caused by a massive earthquake in Japan. Nature's power is both awe-inspiring and heartbreaking. #prayersforJapan",1
30310,"Incredible footage reveals the devastating aftermath of the earthquake in Japan. Stay strong, #Japan. #Earthquake #Disaster #StaySafe üáØüáµüôè",1
30315,"Paris officials insist the massive flooding is not a 'crisis.' Stay safe everyone, and heed evacuation orders! #ParisFloods",1
30318,"Devastating scenes in the aftermath of the earthquake in Nepal. The resilience of the Nepalese people is truly inspiring. #NepalEarthquake",1
30330,"Heartbreaking scenes in the aftermath of the devastating earthquake in Haiti. The resilience of the people in face of such tragedy is truly inspiring. #HaitiEarthquake",1
30331,"07/12/21: Massive wildfires in California have driven thousands from their homes. Firefighters battle the flames as families seek safety. #CaliforniaWildfires",1
30332,"I just witnessed the aftermath of a devastating earthquake in Japan. Mother Nature's power puts everything into perspective. #PrayForJapan",1
30334,"Just witnessed a massive hurricane tearing through the Bahamas, leaving devastation in its wake. Praying for all those affected. #HurricaneDorian",1
30337,"Absolutely devastating scenes in the aftermath of the earthquake in Indonesia. Thoughts and prayers with all those affected. @DisasterWatch12",1
30339,"Violence is never the answer. Destruction and chaos overtaking [location] is a stark reminder of the consequences when tempers turn to arms. #EndViolence",1
30340,"Shocked by the devastation caused by the wildfire in California, while billions are spent on unnecessary ventures. Priorities need a reality check. #CaliforniaWildfire #DisasterResponse",1
30341,"Over 50,000 people are feared trapped as floods sweep through parts of South Asia, wreaking havoc and displacing thousands. #SouthAsiaFloods",1
30344,"Let's not forget that climate change disasters are worsening around the globe, impacting vulnerable communities in devastating ways. #ActNow",1
30349,"Remembering the devastating impact of the Exxon Valdez oil spill in Alaska, a tragic environmental disaster that changed lives forever. #ExxonValdez",1
30355,"Just witnessed a devastating earthquake in Japan, buildings collapsed, and people stranded. Rescue efforts underway. Praying for everyone's safety. #JapanEarthquake",1
30358,"Breaking: Flooding in Kerala, India leaves thousands displaced as rescue operations continue. The situation remains grim. #IndiaFloods",1
30365,"Just witnessed the aftermath of a devastating earthquake in Japan. The resilience of the people here is truly inspiring. #JapanEarthquake",1
30366,"Just witnessed the aftermath of a devastating earthquake in Tokyo. The destruction is heart-wrenching. Sending thoughts and prayers to all those affected. #TokyoEarthquake",1
30367,"Witnessed the aftermath of the devastating wildfire in California and the resilience of the affected communities. Climate change is real, we must act now. #CaliforniaWildfire #ClimateChange #EmergencyResponse",1
30371,"Just witnessed the devastating aftermath of the wildfire in California. Heartbreaking scenes as homes are engulfed in flames. #CaliforniaWildfire",1
30374,"Heartbroken by the devastating earthquake in Haiti. The destruction is immense, but I believe in our ability to come together and rebuild. #HaitiEarthquake",1
30375,"Witnessed devastation in #NewOrleans after the hurricane. We must prioritize disaster preparedness and aid for those affected. #Katrina #Houston",1
30382,"Breaking: No charges will be filed against the captain involved in the oil spill off the coast of Galveston. Stay tuned for updates. #disaster #Galveston",1
30383,"The volcanic eruption in Hawaii has left thousands displaced and in need of support. Let's come together to help those affected. #HawaiiVolcano",1
30384,"Remembering the lives lost in the devastating earthquake in Haiti. Let's prioritize aid and support for those affected. #HaitiEarthquake",1
30390,"An earthquake shook the city with unexpected force. Devastation everywhere. Stay safe, be prepared. #earthquake #disasterawareness",1
30394,"Breaking: Typhoon warning issued for the Philippines as a massive storm approaches. Stay safe and follow local authorities for updates. #TyphoonAlert",1
30396,"Things can get crazy when you're stranded in a flood zone! Stay safe and be prepared. #disaster #floodwarning",1
